"대장관리번호","시설물 종류 코드","코드명","수량(개)","면적(㎡)","연장(m)","빗물 관리량(㎥/h)","저류 용량(㎥)","자치구코드","자치구명","준공일"
"1807","FGN999","기타","0","813","0","3","50","11200","성동구","2026-05-12 00:00:00.0"
"1794","FGN003","침투트렌치","210","0","1","9","","11560","영등포구","2025-05-02 00:00:00.0"
"1791","FGN999","기타","1","16","","1","","11230","동대문구","2024-11-11 00:00:00.0"
"1790","FGN06","저류조","1","","","1","14","11260","중랑구","2025-01-08 00:00:00.0"
"1789","FGN999","기타","90","0","0","2","0","11560","영등포구","2024-12-17 00:00:00.0"
"1788","FGN004","원형침투통","7","0","0","1","0","11290","성북구","2025-01-07 00:00:00.0"
"1787","FGN001","투수성포장","0","1095","420","19","","11350","노원구","2024-07-23 00:00:00.0"
"1786","FGN999","기타","100","52","100","3","0","11230","동대문구","2024-12-31 00:00:00.0"
"1785","FGN07","옥상녹화","0","439","","1","22","11740","강동구","2024-09-12 00:00:00.0"
"1784","FGN06","저류조","0","","","0","35","11740","강동구","2024-08-14 00:00:00.0"
"1782","FGN001","투수성포장","0","328","0","6","0","11260","중랑구","2024-06-13 00:00:00.0"
"1781","FGN07","옥상녹화","0","45","0","0","2","11260","중랑구","2024-02-10 00:00:00.0"
"1779","FGN999","기타","272","0","0","5","0","11380","은평구","2023-12-10 00:00:00.0"
"1778","FGN07","옥상녹화","50","0","0","3","0","11290","성북구","2023-12-18 00:00:00.0"
"1772","FGN001","투수성포장","15","609","0","0","0","11680","강남구","2024-01-16 00:00:00.0"
"1767","FGN999","기타","14","0","","1540","","11290","성북구","2023-10-18 00:00:00.0"
"1766","FGN001","투수성포장","1","1524","969","26","","11350","노원구","2023-12-31 00:00:00.0"
"1764","FGN005","정방형침투통","0","109","","7","","11200","성동구","2023-05-22 00:00:00.0"
"1763","FGN999","기타","0","462","","0","","11200","성동구","2023-07-10 00:00:00.0"
"1760","FGN999","기타","0","","450","0","","11200","성동구","2022-09-13 00:00:00.0"
"1759","FGN999","기타","0","194","","0","","11200","성동구","2023-06-12 00:00:00.0"
"1758","FGN06","저류조","0","332","0","1","1","11260","중랑구","2023-12-26 00:00:00.0"
"1755","FGN06","저류조","2","","","94","1657","11650","서초구","2023-08-30 00:00:00.0"
"1752","FGN001","투수성포장","0","566","","10","","11290","성북구","2022-12-31 00:00:00.0"
"1751","FGN001","투수성포장","0","1700","","29","","11350","노원구","2022-12-31 00:00:00.0"
"1750","FGN001","투수성포장","0","1948","","33","","11650","서초구","2022-12-26 00:00:00.0"
"1749","FGN001","투수성포장","0","233","0","4","0","11260","중랑구","2023-03-31 00:00:00.0"
"1737","FGN07","옥상녹화","0","0","0","1","9","11260","중랑구","2022-11-09 00:00:00.0"
"1730","FGN001","투수성포장","0","1500","500","0","0","11650","서초구","2021-12-15 00:00:00.0"
"1729","FGN001","투수성포장","0","820","236","0","","11650","서초구","2021-12-20 00:00:00.0"
"1725","FGN999","기타","1","260","173","23","23","11440","마포구","2021-11-08 00:00:00.0"
"1721","FGN001","투수성포장","507","499","162","9","","11260","중랑구","2021-10-27 00:00:00.0"
"1720","FGN001","투수성포장","3000","120","30","2","0","11260","중랑구","2021-09-30 00:00:00.0"
"1719","FGN001","투수성포장","5200","1035","207","18","","11260","중랑구","2021-08-30 00:00:00.0"
"1718","FGN001","투수성포장","28675","1147","459","20","","11260","중랑구","2021-09-01 00:00:00.0"
"1717","FGN001","투수성포장","0","2596","355","44","","11260","중랑구","2021-10-29 00:00:00.0"
"1714","FGN003","침투트렌치","95","0","","5","","11215","광진구","2019-11-20 00:00:00.0"
"1713","FGN003","침투트렌치","113","","113","5","","11230","동대문구","2021-04-21 00:00:00.0"
"1712","FGN001","투수성포장","70","70","","1","","11230","동대문구","2021-11-25 00:00:00.0"
"1711","FGN07","옥상녹화","61","61","","0","","11230","동대문구","2020-10-30 00:00:00.0"
"1710","FGN07","옥상녹화","4","86","","0","4","11230","동대문구","2020-08-13 00:00:00.0"
"1704","FGN07","옥상녹화","0","22","","0","","11500","강서구","2021-07-30 00:00:00.0"
"1701","FGN001","투수성포장","2","1418","","32","138","11350","노원구","2021-01-28 00:00:00.0"
"1700","FGN06","저류조","1","394","0","1","26","11110","종로구","2021-01-15 00:00:00.0"
"1695","FGN001","투수성포장","1","43","","1","","11200","성동구","2020-03-17 00:00:00.0"
"1694","FGN003","침투트렌치","1","0","9","0","0","11200","성동구","2020-01-20 00:00:00.0"
"1692","FGN005","정방형침투통","1","","","0","","11200","성동구","2019-07-26 00:00:00.0"
"1687","FGN07","옥상녹화","0","28","0","1","0","11650","서초구","2019-07-02 00:00:00.0"
"1686","FGN07","옥상녹화","0","0","","0","","11650","서초구","2019-06-17 00:00:00.0"
"1685","FGN999","기타","0","587","0","2","0","11650","서초구","2019-05-16 00:00:00.0"
"1683","FGN07","옥상녹화","0","56","0","0","3","11650","서초구","2019-04-05 00:00:00.0"
"1682","FGN001","투수성포장","1","209","","0","","11200","성동구","2019-05-20 00:00:00.0"
"1681","FGN005","정방형침투통","6","","","858","","11200","성동구","2019-09-30 00:00:00.0"
"1679","FGN005","정방형침투통","4","0","0","1","0","11650","서초구","2019-03-15 00:00:00.0"
"1678","FGN004","원형침투통","3","0","0","0","0","11650","서초구","2019-03-08 00:00:00.0"
"1677","FGN07","옥상녹화","0","316","0","1","16","11650","서초구","2019-04-30 00:00:00.0"
"1676","FGN004","원형침투통","1","0","0","0","0","11650","서초구","2019-02-20 00:00:00.0"
"1675","FGN005","정방형침투통","2","0","0","1","0","11650","서초구","2019-10-31 00:00:00.0"
"1674","FGN003","침투트렌치","8","","38","3","","11650","서초구","2019-08-10 00:00:00.0"
"1672","FGN07","옥상녹화","0","","","0","1","11650","서초구","2019-02-01 00:00:00.0"
"1671","FGN003","침투트렌치","0","","29","2","","11650","서초구","2019-02-01 00:00:00.0"
"1670","FGN001","투수성포장","0","440","0","7","0","11650","서초구","2018-12-31 00:00:00.0"
"1669","FGN005","정방형침투통","9","0","0","1","0","11650","서초구","2018-12-31 00:00:00.0"
"1668","FGN003","침투트렌치","75","0","75","1","","11260","중랑구","2019-12-18 00:00:00.0"
"1667","FGN07","옥상녹화","0","0","","2","40","11140","중구","2019-02-15 00:00:00.0"
"1666","FGN001","투수성포장","2","100","10","1","2","11140","중구",""
"1664","FGN06","저류조","0","0","0","1","18","11380","은평구","2018-12-31 00:00:00.0"
"1663","FGN004","원형침투통","100","0","0","10","0","11710","송파구","2018-08-23 00:00:00.0"
"1662","FGN06","저류조","12","0","0","0","3","11470","양천구","2018-11-16 00:00:00.0"
"1661","FGN005","정방형침투통","98","0","0","17","0","11140","중구","2018-12-31 00:00:00.0"
"1660","FGN005","정방형침투통","120","0","0","13","0","11140","중구","2018-10-31 00:00:00.0"
"1659","FGN004","원형침투통","249","0","0","9","0","11560","영등포구","2018-12-10 00:00:00.0"
"1658","FGN005","정방형침투통","5","0","0","3","0","11710","송파구","2018-09-30 00:00:00.0"
"1657","FGN999","기타","0","0","800","46","0","11440","마포구","2018-11-05 00:00:00.0"
"1656","FGN003","침투트렌치","0","0","135","8","0","11290","성북구","2018-12-05 00:00:00.0"
"1655","FGN999","기타","0","","918","52","0","11530","구로구","2018-11-07 00:00:00.0"
"1654","FGN001","투수성포장","0","2050","0","35","0","11680","강남구","2018-06-11 00:00:00.0"
"1653","FGN005","정방형침투통","10","0","0","4","0","11230","동대문구","2018-12-02 00:00:00.0"
"1652","FGN001","투수성포장","0","1640","0","28","0","11200","성동구","2018-12-31 00:00:00.0"
"1651","FGN001","투수성포장","0","1050","0","18","0","11650","서초구","2018-11-15 00:00:00.0"
"1650","FGN001","투수성포장","0","5100","0","87","0","11710","송파구","2018-08-24 00:00:00.0"
"1649","FGN002","침투측구","0","0","144","12","0","11290","성북구","2018-12-05 00:00:00.0"
"1648","FGN001","투수성포장","0","1640","0","28","0","11320","도봉구","2018-06-18 00:00:00.0"
"1647","FGN002","침투측구","0","0","109","5","0","11380","은평구","2018-12-31 00:00:00.0"
"1646","FGN06","저류조","0","","","2","37","11590","동작구",""
"1644","FGN001","투수성포장","0","0","0","0","0","11320","도봉구","2013-12-31 00:00:00.0"
"1643","FGN06","저류조","0","0","0","6","100","11650","서초구","2014-12-31 00:00:00.0"
"1642","FGN06","저류조","0","0","0","17","300","11650","서초구","2014-12-31 00:00:00.0"
"1641","FGN06","저류조","0","0","0","6","100","11650","서초구","2014-12-31 00:00:00.0"
"1640","FGN999","기타","1","0","0","3","45","11140","중구","2013-12-31 00:00:00.0"
"1639","FGN06","저류조","1","0","0","353","6250","11380","은평구","2015-04-09 00:00:00.0"
"1638","FGN06","저류조","1","0","0","685","12119","11290","성북구","2015-01-20 00:00:00.0"
"1637","FGN06","저류조","0","0","0","412","7300","11110","종로구","2015-04-09 00:00:00.0"
"1636","FGN06","저류조","1","0","0","2","39","11440","마포구","2013-12-31 00:00:00.0"
"1635","FGN06","저류조","1","0","0","2","40","11200","성동구","2013-12-31 00:00:00.0"
"1634","FGN001","투수성포장","0","659","0","11","0","11200","성동구","2013-12-31 00:00:00.0"
"1633","FGN06","저류조","2","0","0","0","0","11140","중구","2013-12-31 00:00:00.0"
"1632","FGN06","저류조","1","0","0","0","7","11620","관악구","2013-12-31 00:00:00.0"
"1631","FGN06","저류조","1","0","0","8","150","11380","은평구","2013-12-31 00:00:00.0"
"1630","FGN06","저류조","1","0","0","0","2","11545","금천구","2013-12-31 00:00:00.0"
"1629","FGN06","저류조","1","0","0","0","2","11545","금천구","2013-12-31 00:00:00.0"
"1628","FGN06","저류조","1","0","","0","2","11545","금천구","2013-12-31 00:00:00.0"
"1627","FGN06","저류조","1","0","","0","1","11545","금천구","2013-12-31 00:00:00.0"
"1626","FGN06","저류조","1","0","","0","2","11545","금천구","2013-12-31 00:00:00.0"
"1625","FGN06","저류조","1","","","0","3","11350","노원구","2013-12-31 00:00:00.0"
"1624","FGN06","저류조","1","","","5","90","11320","도봉구","2013-12-31 00:00:00.0"
"1623","FGN06","저류조","2","","","17","300","11380","은평구","2017-12-31 00:00:00.0"
"1622","FGN003","침투트렌치","0","0","167","10","","11545","금천구","2018-12-31 00:00:00.0"
"1621","FGN001","투수성포장","1","14","","0","0","11305","강북구","2018-12-31 00:00:00.0"
"1620","FGN002","침투측구","0","","268","15","","11230","동대문구","2018-12-31 00:00:00.0"
"1619","FGN001","투수성포장","0","1978","","34","","11200","성동구","2018-12-31 00:00:00.0"
"1618","FGN002","침투측구","0","0","49","3","","11470","양천구","2017-12-31 00:00:00.0"
"1617","FGN002","침투측구","0","0","60","3","","11230","동대문구","2017-12-31 00:00:00.0"
"1616","FGN002","침투측구","0","0","21","1","","11545","금천구","2017-12-31 00:00:00.0"
"1615","FGN002","침투측구","1","","70","4","70","11290","성북구","2016-12-31 00:00:00.0"
"1614","FGN002","침투측구","0","","218","12","","11380","은평구","2016-12-31 00:00:00.0"
"1613","FGN002","침투측구","0","","60","3","","11305","강북구","2016-12-31 00:00:00.0"
"1612","FGN001","투수성포장","0","800","","14","","11500","강서구","2015-12-31 00:00:00.0"
"1611","FGN003","침투트렌치","0","500","","29","0","11560","영등포구","2015-09-30 00:00:00.0"
"1610","FGN001","투수성포장","0","1500","","26","","11650","서초구","2015-10-31 00:00:00.0"
"1609","FGN001","투수성포장","0","480","","8","","11500","강서구","2015-12-29 00:00:00.0"
"1608","FGN06","저류조","7","","","1","22","11380","은평구","2015-12-10 00:00:00.0"
"1607","FGN06","저류조","1","","","0","14","11710","송파구","2015-10-16 00:00:00.0"
"1606","FGN06","저류조","1","","","0","2","11215","광진구","2015-10-29 00:00:00.0"
"1605","FGN001","투수성포장","0","3000","1500","51","","11200","성동구","2015-12-24 00:00:00.0"
"1604","FGN06","저류조","2","","","0","2","11620","관악구","2017-09-17 00:00:00.0"
"1603","FGN06","저류조","1","","","1","10","11320","도봉구","2016-11-07 00:00:00.0"
"1602","FGN06","저류조","1","","","1","10","11320","도봉구","2016-07-12 00:00:00.0"
"1601","FGN06","저류조","4","0","0","1","12","11650","서초구","2016-12-31 00:00:00.0"
"1600","FGN06","저류조","1","","","0","2","11620","관악구","2016-12-31 00:00:00.0"
"1599","FGN06","저류조","14","0","0","0","5","11290","성북구","2016-11-11 00:00:00.0"
"1598","FGN999","기타","0","","355","20","","11200","성동구","2016-12-31 00:00:00.0"
"1597","FGN001","투수성포장","0","1260","","21","","11710","송파구","2016-12-29 00:00:00.0"
"1596","FGN06","저류조","1","","","3","50","11440","마포구","2016-12-02 00:00:00.0"
"1595","FGN001","투수성포장","0","683","","12","","11470","양천구","2016-11-26 00:00:00.0"
"1594","FGN001","투수성포장","0","300","","5","","11560","영등포구","2016-11-10 00:00:00.0"
"1593","FGN001","투수성포장","0","1150","","20","","11500","강서구","2016-12-31 00:00:00.0"
"1592","FGN003","침투트렌치","0","","64","4","","11500","강서구","2016-12-31 00:00:00.0"
"1591","FGN001","투수성포장","0","","235","13","","11305","강북구","2016-12-31 00:00:00.0"
"1590","FGN002","침투측구","0","0","120","7","","11380","은평구","2016-12-31 00:00:00.0"
"1589","FGN001","투수성포장","0","416","","7","","11470","양천구","2016-12-15 00:00:00.0"
"1588","FGN001","투수성포장","0","495","","8","","11470","양천구","2016-12-14 00:00:00.0"
"1587","FGN001","투수성포장","0","2847","","48","","11710","송파구","2016-09-21 00:00:00.0"
"1586","FGN001","투수성포장","0","613","","10","","11650","서초구","2016-12-15 00:00:00.0"
"1585","FGN001","투수성포장","0","647","","11","","11590","동작구","2016-10-31 00:00:00.0"
"1584","FGN001","투수성포장","0","2620","","45","","11320","도봉구","2016-11-11 00:00:00.0"
"1583","FGN001","투수성포장","0","830","","14","","11530","구로구","2016-12-31 00:00:00.0"
"1582","FGN003","침투트렌치","0","","213","10","","11500","강서구","2016-12-28 00:00:00.0"
"1581","FGN001","투수성포장","0","2122","","36","","11740","강동구","2016-12-20 00:00:00.0"
"1580","FGN001","투수성포장","0","5100","","87","","11680","강남구","2016-09-08 00:00:00.0"
"1579","FGN001","투수성포장","0","704","","12","","11200","성동구","2017-09-28 00:00:00.0"
"1578","FGN002","침투측구","0","","601","33","","11560","영등포구","2017-10-30 00:00:00.0"
"1577","FGN06","저류조","0","","","0","0","11470","양천구","2017-09-14 00:00:00.0"
"1576","FGN004","원형침투통","0","3","","0","","11350","노원구","2017-06-05 00:00:00.0"
"1575","FGN06","저류조","1","","","2","42","11470","양천구","2017-11-24 00:00:00.0"
"1574","FGN001","투수성포장","0","440","","7","","11290","성북구","2017-12-14 00:00:00.0"
"1573","FGN001","투수성포장","0","3400","","58","","11650","서초구","2017-10-17 00:00:00.0"
"1571","FGN001","투수성포장","1","438","","7","","11380","은평구","2014-12-31 00:00:00.0"
"1570","FGN003","침투트렌치","0","704","","32","","11440","마포구","2017-12-31 00:00:00.0"
"1569","FGN001","투수성포장","160","","","3","","11500","강서구","2017-12-31 00:00:00.0"
"1568","FGN001","투수성포장","0","1670","","28","","11710","송파구","2017-10-31 00:00:00.0"
"1567","FGN005","정방형침투통","66","","","11","","11290","성북구","2017-12-14 00:00:00.0"
"1566","FGN001","투수성포장","0","1130","","19","","11650","서초구","2017-07-19 00:00:00.0"
"1565","FGN001","투수성포장","0","986","","17","","11320","도봉구","2017-07-04 00:00:00.0"
"1564","FGN001","투수성포장","0","972","","17","","11320","도봉구","2017-07-04 00:00:00.0"
"1563","FGN005","정방형침투통","2","","","0","","11500","강서구","2017-12-31 00:00:00.0"
"1562","FGN005","정방형침투통","2","0","","0","","11500","강서구","2017-12-31 00:00:00.0"
"1561","FGN999","기타","0","0","19","1","","11500","강서구","2017-09-08 00:00:00.0"
"1560","FGN001","투수성포장","0","2300","0","39","0","11680","강남구","2017-06-20 00:00:00.0"
"1559","FGN06","저류조","0","0","0","5","98","11200","성동구","2017-12-22 00:00:00.0"
"1557","FGN003","침투트렌치","0","0","33","2","0","11215","광진구","2017-07-12 00:00:00.0"
"1556","FGN005","정방형침투통","3","0","0","1","0","11215","광진구","2017-12-14 00:00:00.0"
"1555","FGN003","침투트렌치","0","0","24","2","0","11215","광진구","2017-12-14 00:00:00.0"
"1554","FGN07","옥상녹화","0","51","0","1","0","11215","광진구","2017-11-16 00:00:00.0"
"1553","FGN005","정방형침투통","5","0","0","1","0","11215","광진구","2017-11-23 00:00:00.0"
"1552","FGN07","옥상녹화","0","149","0","1","0","11215","광진구","2017-11-20 00:00:00.0"
"1551","FGN07","옥상녹화","0","206","0","1","0","11215","광진구","2017-11-23 00:00:00.0"
"1550","FGN07","옥상녹화","0","217","0","1","0","11680","강남구","2017-11-20 00:00:00.0"
"1549","FGN07","옥상녹화","0","230","0","12","0","11560","영등포구","2017-10-24 00:00:00.0"
"1548","FGN005","정방형침투통","6","0","0","1","0","11590","동작구","2017-10-23 00:00:00.0"
"1547","FGN001","투수성포장","0","1300","320","22","0","11140","중구","2014-11-30 00:00:00.0"
"1546","FGN001","투수성포장","0","1640","400","28","0","11140","중구","2014-11-04 00:00:00.0"
"1545","FGN999","기타","0","50","0","1","0","11110","종로구","2014-12-31 00:00:00.0"
"1544","FGN001","투수성포장","0","215","0","4","0","11110","종로구","2015-07-09 00:00:00.0"
"1543","FGN001","투수성포장","0","2390","820","41","0","11110","종로구","2015-07-09 00:00:00.0"
"1541","FGN001","투수성포장","0","1000","400","17","0","11380","은평구","2014-06-30 00:00:00.0"
"1540","FGN001","투수성포장","0","3200","450","54","0","11560","영등포구","2014-06-13 00:00:00.0"
"1539","FGN001","투수성포장","0","1350","0","23","0","11710","송파구","2014-11-30 00:00:00.0"
"1538","FGN001","투수성포장","0","3200","600","54","0","11710","송파구","2015-03-17 00:00:00.0"
"1537","FGN001","투수성포장","0","252","0","4","0","11290","성북구","2014-12-24 00:00:00.0"
"1536","FGN003","침투트렌치","0","0","480","27","0","11650","서초구","2014-12-31 00:00:00.0"
"1535","FGN001","투수성포장","0","1500","500","26","0","11650","서초구","2014-12-31 00:00:00.0"
"1534","FGN001","투수성포장","0","807","0","14","0","11440","마포구","2014-12-31 00:00:00.0"
"1533","FGN001","투수성포장","0","1360","680","23","0","11320","도봉구","2014-12-18 00:00:00.0"
"1532","FGN001","투수성포장","0","1120","280","19","0","11350","노원구","2014-12-31 00:00:00.0"
"1531","FGN001","투수성포장","0","4000","800","68","0","11350","노원구","2014-12-31 00:00:00.0"
"1530","FGN001","투수성포장","0","400","0","7","0","11620","관악구","2014-10-31 00:00:00.0"
"1529","FGN999","기타","0","0","0","19","330","11500","강서구","2014-12-31 00:00:00.0"
"1528","FGN999","기타","0","0","0","113","2000","11500","강서구","2015-08-26 00:00:00.0"
"1527","FGN07","옥상녹화","0","180","0","5","0","11200","성동구","2017-12-12 00:00:00.0"
"1526","FGN001","투수성포장","0","2869","0","49","0","11350","노원구","2017-12-07 00:00:00.0"
"1525","FGN07","옥상녹화","0","46","0","0","0","11500","강서구","2017-12-15 00:00:00.0"
"1524","FGN07","옥상녹화","0","254","0","1","0","11500","강서구","2017-12-12 00:00:00.0"
"1523","FGN07","옥상녹화","0","37","0","0","0","11200","성동구","2017-11-24 00:00:00.0"
"1522","FGN001","투수성포장","0","516","0","9","0","11500","강서구","2017-11-20 00:00:00.0"
"1521","FGN07","옥상녹화","0","77","0","0","0","11500","강서구","2017-11-13 00:00:00.0"
"1520","FGN07","옥상녹화","0","328","0","1","0","11500","강서구","2017-11-01 00:00:00.0"
"1519","FGN001","투수성포장","0","0","164","3","0","11650","서초구","2017-07-26 00:00:00.0"
"1518","FGN005","정방형침투통","4","0","0","1","","11260","중랑구","2017-05-29 00:00:00.0"
"1517","FGN005","정방형침투통","2","0","0","0","0","11650","서초구","2017-05-24 00:00:00.0"
"1516","FGN005","정방형침투통","10","0","","1","","11650","서초구",""
"1515","FGN002","침투측구","0","0","27","2","0","11680","강남구","2017-09-22 00:00:00.0"
"1514","FGN07","옥상녹화","0","0","0","1","0","11590","동작구","2017-09-29 00:00:00.0"
"1513","FGN005","정방형침투통","1","0","0","1","0","11560","영등포구","2017-07-26 00:00:00.0"
"1512","FGN07","옥상녹화","0","0","0","1","0","11620","관악구","2017-07-31 00:00:00.0"
"1511","FGN002","침투측구","0","0","65","4","0","11140","중구","2017-10-31 00:00:00.0"
"1510","FGN001","투수성포장","0","14","0","0","0","11110","종로구","2017-10-25 00:00:00.0"
"1509","FGN07","옥상녹화","0","142","0","0","0","11140","중구","2017-09-13 00:00:00.0"
"1508","FGN001","투수성포장","0","885","0","15","0","11110","종로구","2017-09-21 00:00:00.0"
"1507","FGN07","옥상녹화","0","441","0","1","0","11215","광진구","2017-09-18 00:00:00.0"
"1506","FGN003","침투트렌치","0","0","15","1","0","11215","광진구","2017-09-18 00:00:00.0"
"1505","FGN005","정방형침투통","5","","","1","0","11200","성동구","2017-08-28 00:00:00.0"
"1504","FGN003","침투트렌치","0","0","93","5","0","11200","성동구","2017-08-23 00:00:00.0"
"1503","FGN002","침투측구","0","0","37","3","0","11200","성동구","2017-08-11 00:00:00.0"
"1502","FGN07","옥상녹화","0","3497379","0","10","0","11170","용산구","2017-07-04 00:00:00.0"
"1501","FGN003","침투트렌치","0","0","151","9","0","11170","용산구","2017-07-21 00:00:00.0"
"1500","FGN001","투수성포장","0","2771","0","47","0","11200","성동구","2017-07-25 00:00:00.0"
"1499","FGN07","옥상녹화","0","58","0","0","0","11200","성동구","2017-07-04 00:00:00.0"
"1498","FGN005","정방형침투통","6","0","0","1","0","11500","강서구","2017-10-23 00:00:00.0"
"1497","FGN001","투수성포장","0","358","0","6","0","11500","강서구","2017-10-13 00:00:00.0"
"1496","FGN001","투수성포장","0","420","0","7","0","11500","강서구","2017-10-18 00:00:00.0"
"1495","FGN07","옥상녹화","0","342","0","1","0","11500","강서구","2017-10-20 00:00:00.0"
"1494","FGN07","옥상녹화","0","85","0","0","0","11380","은평구","2017-09-21 00:00:00.0"
"1493","FGN001","투수성포장","0","20","0","0","0","11500","강서구","2017-09-01 00:00:00.0"
"1492","FGN001","투수성포장","0","288","0","5","0","11500","강서구","2017-09-29 00:00:00.0"
"1491","FGN003","침투트렌치","0","0","24","1","0","11500","강서구","2017-09-21 00:00:00.0"
"1490","FGN005","정방형침투통","11","0","0","4","0","11500","강서구","2017-09-21 00:00:00.0"
"1489","FGN07","옥상녹화","0","89","0","0","0","11500","강서구","2017-09-28 00:00:00.0"
"1488","FGN07","옥상녹화","0","91","0","0","0","11680","강남구","2017-09-15 00:00:00.0"
"1487","FGN003","침투트렌치","0","0","112","5","0","11470","양천구","2017-07-04 00:00:00.0"
"1486","FGN07","옥상녹화","0","32","0","0","0","11500","강서구","2017-08-11 00:00:00.0"
"1485","FGN07","옥상녹화","0","152","0","0","0","11500","강서구","2017-07-24 00:00:00.0"
"1483","FGN001","투수성포장","0","8106","0","138","0","11500","강서구","2017-07-28 00:00:00.0"
"1482","FGN005","정방형침투통","7","0","0","1","0","11500","강서구","2017-07-10 00:00:00.0"
"1481","FGN001","투수성포장","0","402","0","7","0","11500","강서구","2017-07-28 00:00:00.0"
"1480","FGN003","침투트렌치","0","0","66","5","0","11380","은평구","2017-06-27 00:00:00.0"
"1479","FGN001","투수성포장","0","127","0","2","0","11680","강남구","2017-06-23 00:00:00.0"
"1478","FGN005","정방형침투통","11","0","0","1","0","11500","강서구","2017-06-30 00:00:00.0"
"1477","FGN07","옥상녹화","0","561","0","2","0","11500","강서구","2017-06-22 00:00:00.0"
"1476","FGN07","옥상녹화","0","198","0","1","0","11380","은평구","2017-05-04 00:00:00.0"
"1475","FGN07","옥상녹화","0","207","0","1","0","11500","강서구","2017-05-08 00:00:00.0"
"1473","FGN004","원형침투통","16","0","0","6","0","11200","성동구","2017-06-30 00:00:00.0"
"1472","FGN001","투수성포장","0","885","0","15","0","11110","종로구",""
"1471","FGN001","투수성포장","0","323","0","5","0","11500","강서구",""
"1470","FGN004","원형침투통","3","0","0","1","0","11650","서초구",""
"1469","FGN001","투수성포장","0","236","0","4","0","11560","영등포구",""
"1468","FGN001","투수성포장","0","76","0","1","0","11560","영등포구","2017-04-17 00:00:00.0"
"1467","FGN005","정방형침투통","5","0","0","1","0","11560","영등포구",""
"1466","FGN07","옥상녹화","0","212","0","1","0","11170","용산구",""
"1465","FGN005","정방형침투통","4","0","0","1","0","11200","성동구",""
"1464","FGN07","옥상녹화","0","50","0","0","0","11215","광진구",""
"1463","FGN003","침투트렌치","0","","23","1","","11560","영등포구",""
"1462","FGN003","침투트렌치","0","","85","5","","11560","영등포구",""
"1461","FGN005","정방형침투통","7","","","1","","11410","서대문구",""
"1460","FGN001","투수성포장","0","32","","1","","11680","강남구",""
"1459","FGN002","침투측구","0","","20","2","","11410","서대문구",""
"1458","FGN07","옥상녹화","0","","","0","","11680","강남구",""
"1456","FGN003","침투트렌치","0","0","82","5","0","11680","강남구",""
"1455","FGN001","투수성포장","0","730","0","12","0","11170","용산구","2017-02-20 00:00:00.0"
"1454","FGN07","옥상녹화","0","168","0","0","0","11650","서초구",""
"1453","FGN07","옥상녹화","0","792","0","2","0","11710","송파구","2017-02-14 00:00:00.0"
"1452","FGN07","옥상녹화","0","31","0","1","0","11650","서초구",""
"1451","FGN07","옥상녹화","0","160","0","1","0","11680","강남구",""
"1450","FGN005","정방형침투통","29","0","0","1","0","11410","서대문구",""
"1449","FGN07","옥상녹화","0","42","0","1","0","11560","영등포구","2017-01-20 00:00:00.0"
"1448","FGN07","옥상녹화","0","90","0","0","0","11110","종로구","2017-02-16 00:00:00.0"
"1447","FGN07","옥상녹화","0","0","0","1","10","11680","강남구",""
"1446","FGN005","정방형침투통","13","","","2","","11410","서대문구",""
"1445","FGN005","정방형침투통","5","0","0","1","0","11680","강남구",""
"1444","FGN07","옥상녹화","0","","","0","","11440","마포구",""
"1443","FGN001","투수성포장","0","27","","0","","11440","마포구",""
"1442","FGN003","침투트렌치","60","","0","3","","11680","강남구",""
"1441","FGN001","투수성포장","0","175","","3","","11530","구로구",""
"1440","FGN005","정방형침투통","3","","","1","","11680","강남구",""
"1439","FGN07","옥상녹화","0","","","1","1","11650","서초구",""
"1438","FGN07","옥상녹화","0","49","0","1","0","11530","구로구",""
"1437","FGN003","침투트렌치","0","0","46","3","0","11530","구로구",""
"1436","FGN003","침투트렌치","0","0","269","22","0","11530","구로구",""
"1435","FGN005","정방형침투통","2","","","1","0","11215","광진구",""
"1434","FGN07","옥상녹화","0","120","0","0","0","11560","영등포구","2017-01-03 00:00:00.0"
"1433","FGN07","옥상녹화","0","37","","0","","11215","광진구",""
"1432","FGN07","옥상녹화","0","166","0","1","0","11470","양천구",""
"1431","FGN003","침투트렌치","0","","149","8","","11620","관악구",""
"1430","FGN07","옥상녹화","0","86","0","0","0","11710","송파구","2017-01-19 00:00:00.0"
"1429","FGN07","옥상녹화","0","77","0","0","0","11710","송파구","2017-02-09 00:00:00.0"
"1428","FGN07","옥상녹화","0","109","0","1","","11680","강남구",""
"1427","FGN07","옥상녹화","0","99","0","1","0","11710","송파구",""
"1426","FGN003","침투트렌치","0","","41","2","","11290","성북구",""
"1425","FGN002","침투측구","0","0","18","1","0","11305","강북구",""
"1424","FGN005","정방형침투통","6","0","0","1","0","11500","강서구",""
"1423","FGN001","투수성포장","0","216","0","4","","11500","강서구",""
"1422","FGN004","원형침투통","4","0","","1","","11500","강서구",""
"1421","FGN001","투수성포장","0","167","0","3","","11680","강남구",""
"1419","FGN07","옥상녹화","0","232","0","1","0","11200","성동구","2017-01-09 00:00:00.0"
"1418","FGN999","기타","1","0","0","0","0","11410","서대문구","2016-12-30 00:00:00.0"
"1417","FGN001","투수성포장","0","284","0","5","0","11290","성북구","2016-12-15 00:00:00.0"
"1416","FGN003","침투트렌치","0","0","27","1","0","11590","동작구","2016-11-20 00:00:00.0"
"1415","FGN07","옥상녹화","0","101","0","1","0","11680","강남구","2016-08-04 00:00:00.0"
"1414","FGN005","정방형침투통","6","","","1","","11650","서초구","2016-11-10 00:00:00.0"
"1413","FGN001","투수성포장","0","21000","0","17","0","11500","강서구","2016-12-01 00:00:00.0"
"1412","FGN06","저류조","0","0","0","24","430","11440","마포구","2016-12-23 00:00:00.0"
"1411","FGN003","침투트렌치","0","139","0","6","0","11215","광진구","2016-12-01 00:00:00.0"
"1410","FGN07","옥상녹화","0","50","0","1","0","11470","양천구","2016-10-01 00:00:00.0"
"1409","FGN07","옥상녹화","0","14","0","1","0","11260","중랑구","2016-08-01 00:00:00.0"
"1408","FGN001","투수성포장","0","58","0","1","0","11650","서초구","2016-07-05 00:00:00.0"
"1407","FGN001","투수성포장","0","435","0","7","0","11650","서초구","2016-07-01 00:00:00.0"
"1406","FGN001","투수성포장","0","234","0","4","0","11200","성동구","2016-04-20 00:00:00.0"
"1405","FGN001","투수성포장","0","320","0","0","0","11500","강서구","2016-06-01 00:00:00.0"
"1404","FGN002","침투측구","0","0","4","1","0","11650","서초구","2016-09-01 00:00:00.0"
"1403","FGN001","투수성포장","0","365","0","6","0","11680","강남구","2016-12-11 00:00:00.0"
"1402","FGN06","저류조","1","","","1","","11500","강서구","2016-12-01 00:00:00.0"
"1401","FGN06","저류조","1","0","","16","","11530","구로구","2016-12-01 00:00:00.0"
"1400","FGN001","투수성포장","0","322","0","5","0","11500","강서구","2016-09-01 00:00:00.0"
"1399","FGN06","저류조","1","","","1","","11560","영등포구","2016-11-16 00:00:00.0"
"1398","FGN001","투수성포장","0","165","","4","0","11560","영등포구","2016-10-31 00:00:00.0"
"1397","FGN003","침투트렌치","0","","89","4","0","11110","종로구","2016-10-08 00:00:00.0"
"1396","FGN001","투수성포장","0","34","","1","","11650","서초구","2016-09-30 00:00:00.0"
"1395","FGN001","투수성포장","0","179","","3","","11500","강서구","2016-10-21 00:00:00.0"
"1394","FGN001","투수성포장","0","4100","","4","","11500","강서구","2016-11-01 00:00:00.0"
"1393","FGN005","정방형침투통","13","0","","2","","11500","강서구","2016-11-01 00:00:00.0"
"1392","FGN001","투수성포장","1","43","0","1","0","11650","서초구","2016-10-14 00:00:00.0"
"1391","FGN001","투수성포장","1","481","0","8","0","11290","성북구","2016-10-20 00:00:00.0"
"1390","FGN07","옥상녹화","2","0","","1","","11290","성북구","2016-09-30 00:00:00.0"
"1389","FGN001","투수성포장","462","","","8","","11650","서초구","2016-09-30 00:00:00.0"
"1388","FGN005","정방형침투통","8","","","2","","11215","광진구","2016-10-15 00:00:00.0"
"1387","FGN06","저류조","1","","","5","","11170","용산구","2016-06-13 00:00:00.0"
"1386","FGN001","투수성포장","9550","382","0","7","","11500","강서구","2016-10-01 00:00:00.0"
"1385","FGN003","침투트렌치","1","","70","1","","11530","구로구","2016-10-10 00:00:00.0"
"1384","FGN003","침투트렌치","1","0","22","1","0","11500","강서구","2016-09-01 00:00:00.0"
"1383","FGN06","저류조","1","20","","1","","11215","광진구","2016-09-30 00:00:00.0"
"1382","FGN07","옥상녹화","1","268","0","1","13","11650","서초구","2016-08-25 00:00:00.0"
"1381","FGN005","정방형침투통","12","0","0","6","","11260","중랑구","2016-09-09 00:00:00.0"
"1380","FGN004","원형침투통","22","0","0","4","0","11260","중랑구","2016-08-01 00:00:00.0"
"1379","FGN003","침투트렌치","1","0","52","2","","11470","양천구","2016-09-23 00:00:00.0"
"1378","FGN001","투수성포장","1","33","","1","","11680","강남구","2016-08-31 00:00:00.0"
"1377","FGN001","투수성포장","0","91","0","2","0","11470","양천구","2016-09-01 00:00:00.0"
"1376","FGN001","투수성포장","0","44","0","1","0","11620","관악구","2016-08-01 00:00:00.0"
"1374","FGN001","투수성포장","1","20","","1","","11500","강서구","2016-07-24 00:00:00.0"
"1373","FGN003","침투트렌치","0","0","54","3","","11530","구로구","2016-08-05 00:00:00.0"
"1372","FGN001","투수성포장","1","671","","11","","11530","구로구","2016-08-01 00:00:00.0"
"1371","FGN003","침투트렌치","0","","60","3","0","11530","구로구","2016-08-05 00:00:00.0"
"1370","FGN003","침투트렌치","0","","12","1","0","11560","영등포구","2016-06-27 00:00:00.0"
"1369","FGN005","정방형침투통","4","","","0","","11560","영등포구","2016-07-01 00:00:00.0"
"1368","FGN003","침투트렌치","0","0","56","2","0","11560","영등포구","2016-07-04 00:00:00.0"
"1367","FGN001","투수성포장","0","53","","1","","11650","서초구","2016-07-02 00:00:00.0"
"1366","FGN003","침투트렌치","0","0","74","3","","11560","영등포구","2016-07-01 00:00:00.0"
"1365","FGN001","투수성포장","0","78","","1","","11215","광진구","2016-08-01 00:00:00.0"
"1364","FGN001","투수성포장","0","308","0","4","0","11470","양천구","2016-07-01 00:00:00.0"
"1363","FGN07","옥상녹화","1","68","","1","","11215","광진구","2016-07-10 00:00:00.0"
"1362","FGN003","침투트렌치","2","0","","1","","11620","관악구","2016-07-01 00:00:00.0"
"1361","FGN001","투수성포장","1","62","0","1","","11260","중랑구","2016-06-01 00:00:00.0"
"1360","FGN001","투수성포장","0","35","0","1","0","11260","중랑구","2016-07-01 00:00:00.0"
"1359","FGN005","정방형침투통","14","","","3","","11530","구로구","2016-08-03 00:00:00.0"
"1358","FGN003","침투트렌치","0","","51","4","0","11530","구로구","2016-07-07 00:00:00.0"
"1357","FGN06","저류조","1","0","","1","25","11620","관악구","2016-06-17 00:00:00.0"
"1356","FGN002","침투측구","0","0","30","2","","11650","서초구","2016-05-31 00:00:00.0"
"1355","FGN001","투수성포장","0","23","0","1","","11710","송파구","2016-05-16 00:00:00.0"
"1354","FGN07","옥상녹화","0","414","","1","21","11500","강서구","2016-06-10 00:00:00.0"
"1353","FGN005","정방형침투통","2","0","","1","","11560","영등포구","2016-12-01 00:00:00.0"
"1352","FGN07","옥상녹화","0","33","2","1","0","11560","영등포구","2016-11-01 00:00:00.0"
"1351","FGN001","투수성포장","0","176","","0","","11710","송파구","2016-11-01 00:00:00.0"
"1350","FGN004","원형침투통","1","","","1","0","11650","서초구","2016-06-01 00:00:00.0"
"1349","FGN001","투수성포장","0","1496","0","25","0","11710","송파구","2016-12-08 00:00:00.0"
"1348","FGN003","침투트렌치","1","","12","1","","11560","영등포구","2016-06-27 00:00:00.0"
"1347","FGN001","투수성포장","0","1337","314","23","0","11410","서대문구","2015-12-17 00:00:00.0"
"1345","FGN003","침투트렌치","0","0","39","2","0","11200","성동구","2016-11-29 00:00:00.0"
"1344","FGN001","투수성포장","0","4200","450","71","0","11710","송파구","2015-12-15 00:00:00.0"
"1343","FGN001","투수성포장","0","2438","876","41","0","11110","종로구","2015-07-30 00:00:00.0"
"1342","FGN001","투수성포장","0","1495","320","25","0","11560","영등포구","2015-09-30 00:00:00.0"
"1341","FGN002","침투측구","0","","70","4","","11290","성북구","2015-06-30 00:00:00.0"
"1340","FGN001","투수성포장","0","1400","200","24","0","11650","서초구","2015-12-04 00:00:00.0"
"1339","FGN001","투수성포장","0","630","275","11","0","11590","동작구","2015-12-22 00:00:00.0"
"1338","FGN001","투수성포장","0","1060","350","18","0","11320","도봉구","2015-11-13 00:00:00.0"
"1337","FGN001","투수성포장","0","2400","400","41","0","11530","구로구","2015-11-10 00:00:00.0"
"1336","FGN001","투수성포장","0","210","35","4","0","11500","강서구","2015-07-31 00:00:00.0"
"1335","FGN001","투수성포장","0","2850","950","48","0","11500","강서구","2015-07-31 00:00:00.0"
"1334","FGN001","투수성포장","0","1506","600","26","0","11740","강동구","2015-09-30 00:00:00.0"
"1333","FGN07","옥상녹화","0","2120","0","6","0","11710","송파구","2016-10-05 00:00:00.0"
"1332","FGN003","침투트렌치","0","0","27","2","0","11710","송파구","2016-08-01 00:00:00.0"
"1331","FGN005","정방형침투통","1","0","0","0","0","11710","송파구","2016-11-01 00:00:00.0"
"1330","FGN07","옥상녹화","0","71","0","0","0","11710","송파구","2016-06-07 00:00:00.0"
"1329","FGN07","옥상녹화","0","240","0","12","0","11710","송파구","2016-05-01 00:00:00.0"
"1328","FGN07","옥상녹화","0","142","0","0","0","11590","동작구","2016-05-01 00:00:00.0"
"1327","FGN003","침투트렌치","0","0","91","4","0","11710","송파구","2016-11-23 00:00:00.0"
"1325","FGN07","옥상녹화","0","113","0","0","0","11590","동작구","2016-01-01 00:00:00.0"
"1323","FGN07","옥상녹화","0","145","0","0","0","11590","동작구","2016-05-01 00:00:00.0"
"1322","FGN003","침투트렌치","0","0","102","4","0","11710","송파구","2016-04-01 00:00:00.0"
"1321","FGN07","옥상녹화","0","76","0","0","0","11710","송파구","2016-04-28 00:00:00.0"
"1320","FGN005","정방형침투통","4","0","0","1","0","11710","송파구","2016-10-31 00:00:00.0"
"1319","FGN07","옥상녹화","0","242","0","0","0","11710","송파구","2016-01-18 00:00:00.0"
"1318","FGN07","옥상녹화","0","32","","0","","11710","송파구","2016-01-09 00:00:00.0"
"1317","FGN002","침투측구","0","0","7","0","","11590","동작구","2016-10-26 00:00:00.0"
"1316","FGN002","침투측구","0","0","117","8","","11710","송파구","2016-07-11 00:00:00.0"
"1315","FGN07","옥상녹화","0","102","0","1","","11710","송파구","2016-10-28 00:00:00.0"
"1314","FGN003","침투트렌치","0","","87","4","","11200","성동구","2016-11-01 00:00:00.0"
"1311","FGN005","정방형침투통","5","0","0","1","0","11470","양천구","2016-03-28 00:00:00.0"
"1310","FGN005","정방형침투통","12","0","0","3","0","11290","성북구","2016-03-16 00:00:00.0"
"1309","FGN07","옥상녹화","0","301","0","1","0","11650","서초구","2015-08-31 00:00:00.0"
"1308","FGN001","투수성포장","0","170","0","3","0","11500","강서구","2015-10-06 00:00:00.0"
"1307","FGN005","정방형침투통","5","0","0","1","0","11530","구로구","2015-10-14 00:00:00.0"
"1306","FGN002","침투측구","0","0","60","3","0","11410","서대문구","2015-10-30 00:00:00.0"
"1305","FGN005","정방형침투통","4","0","0","1","0","11710","송파구","2016-03-14 00:00:00.0"
"1304","FGN07","옥상녹화","0","168","0","0","0","11710","송파구","2015-11-30 00:00:00.0"
"1303","FGN005","정방형침투통","7","0","0","1","0","11680","강남구","2015-11-24 00:00:00.0"
"1302","FGN005","정방형침투통","12","0","0","3","0","11290","성북구","2016-03-11 00:00:00.0"
"1301","FGN005","정방형침투통","12","0","0","3","0","11290","성북구",""
"1300","FGN07","옥상녹화","0","58","0","0","0","11650","서초구","2016-02-29 00:00:00.0"
"1299","FGN003","침투트렌치","0","","28","2","","11530","구로구","2016-02-17 00:00:00.0"
"1298","FGN001","투수성포장","0","176","","3","","11530","구로구","2016-02-15 00:00:00.0"
"1297","FGN005","정방형침투통","1","0","0","0","0","11650","서초구","2015-08-21 00:00:00.0"
"1296","FGN004","원형침투통","8","","","0","","11545","금천구","2015-11-18 00:00:00.0"
"1295","FGN06","저류조","1","","","1","275","11260","중랑구","2015-10-16 00:00:00.0"
"1294","FGN001","투수성포장","0","1174","","20","","11500","강서구","2015-09-16 00:00:00.0"
"1293","FGN003","침투트렌치","0","0","27","1","0","11590","동작구","2016-01-28 00:00:00.0"
"1292","FGN07","옥상녹화","0","21","","0","","11590","동작구",""
"1290","FGN07","옥상녹화","0","21","","0","0","11590","동작구",""
"1289","FGN07","옥상녹화","0","71","","0","","11590","동작구","2016-01-15 00:00:00.0"
"1287","FGN004","원형침투통","5","","","1","","11215","광진구","2014-12-01 00:00:00.0"
"1286","FGN001","투수성포장","1","","382","6","","11530","구로구","2014-01-01 00:00:00.0"
"1285","FGN002","침투측구","33","","","1","","11200","성동구","2014-09-14 00:00:00.0"
"1284","FGN001","투수성포장","1","1267","384","22","","11380","은평구","2013-11-30 00:00:00.0"
"1282","FGN001","투수성포장","1","1000","200","17","","11380","은평구","2013-12-31 00:00:00.0"
"1263","FGN001","투수성포장","1","299","","5","","11170","용산구","2013-12-31 00:00:00.0"
"1262","FGN001","투수성포장","1","187","","3","","11170","용산구","2013-12-01 00:00:00.0"
"1261","FGN001","투수성포장","1","207","","4","","11170","용산구","2013-12-01 00:00:00.0"
"1260","FGN001","투수성포장","1","143","","2","","11170","용산구","2013-07-18 00:00:00.0"
"1247","FGN001","투수성포장","1","98","245","0","","11650","서초구","2013-11-30 00:00:00.0"
"1239","FGN001","투수성포장","1","1263","421","21","","11440","마포구","2013-12-31 00:00:00.0"
"1238","FGN001","투수성포장","1","740","296","13","","11440","마포구","2013-12-31 00:00:00.0"
"1232","FGN001","투수성포장","1","3720","620","63","","11350","노원구","2013-10-15 00:00:00.0"
"1231","FGN001","투수성포장","1","5660","1030","96","","11350","노원구","2013-11-20 00:00:00.0"
"1222","FGN001","투수성포장","1","9000","1500","153","","11500","강서구","2013-12-01 00:00:00.0"
"1221","FGN001","투수성포장","1","4800","1920","82","","11500","강서구","2013-06-01 00:00:00.0"
"1219","FGN001","투수성포장","1","74","93","1","","11305","강북구","2013-11-15 00:00:00.0"
"1178","FGN001","투수성포장","1","1872","0","25","","11530","구로구","2011-01-01 00:00:00.0"
"1177","FGN003","침투트렌치","1","0","299","13","","11530","구로구","2012-01-01 00:00:00.0"
"1176","FGN001","투수성포장","1","6750","0","90","","11545","금천구","2012-01-01 00:00:00.0"
"1175","FGN001","투수성포장","1","10230","0","136","","11680","강남구","2012-01-01 00:00:00.0"
"1174","FGN001","투수성포장","1","214","0","3","","11650","서초구","2011-01-01 00:00:00.0"
"1173","FGN001","투수성포장","1","3895","0","52","","11650","서초구","2011-01-01 00:00:00.0"
"1172","FGN001","투수성포장","1","8691","0","115","","11650","서초구","2012-01-01 00:00:00.0"
"1171","FGN001","투수성포장","1","3198","0","42","","11710","송파구","2011-01-01 00:00:00.0"
"1170","FGN001","투수성포장","1","2591","0","34","","11530","구로구","2011-01-01 00:00:00.0"
"1169","FGN001","투수성포장","1","2340","0","31","","11530","구로구","2011-01-01 00:00:00.0"
"1168","FGN001","투수성포장","1","17287","0","229","","11560","영등포구","2011-01-01 00:00:00.0"
"1167","FGN001","투수성포장","1","29300","0","388","","11710","송파구","2011-01-01 00:00:00.0"
"1166","FGN001","투수성포장","1","1991","0","26","","11710","송파구","2011-01-01 00:00:00.0"
"1165","FGN003","침투트렌치","1","0","776","34","","11710","송파구","2011-01-01 00:00:00.0"
"1164","FGN001","투수성포장","1","1451","0","19","","11710","송파구","2011-01-01 00:00:00.0"
"1163","FGN001","투수성포장","1","606","0","8","","11710","송파구","2011-01-01 00:00:00.0"
"1162","FGN003","침투트렌치","1","0","2433","106","","11710","송파구","2011-01-01 00:00:00.0"
"1161","FGN002","침투측구","1","0","8694","301","","11710","송파구","2011-01-01 00:00:00.0"
"1160","FGN002","침투측구","1","0","90","3","","11710","송파구","2011-01-01 00:00:00.0"
"1159","FGN002","침투측구","1","0","820","28","","11590","동작구","2011-01-01 00:00:00.0"
"1158","FGN001","투수성포장","1","6891","0","91","","11710","송파구","2011-01-01 00:00:00.0"
"1157","FGN001","투수성포장","1","10100","0","134","","11710","송파구","2011-01-01 00:00:00.0"
"1156","FGN003","침투트렌치","1","0","208","9","","11710","송파구","2010-01-01 00:00:00.0"
"1155","FGN001","투수성포장","1","29536","0","392","","11470","양천구","2010-01-01 00:00:00.0"
"1154","FGN001","투수성포장","1","4926","0","65","","11500","강서구","2010-01-01 00:00:00.0"
"1153","FGN001","투수성포장","1","3527","0","47","","11740","강동구","2010-01-01 00:00:00.0"
"1152","FGN001","투수성포장","1","84590","0","1121","","11215","광진구","2010-01-01 00:00:00.0"
"1151","FGN001","투수성포장","1","1426","0","19","","11200","성동구","2010-01-01 00:00:00.0"
"1150","FGN001","투수성포장","1","2403","0","32","","11740","강동구","2010-01-01 00:00:00.0"
"1149","FGN001","투수성포장","1","20247","0","268","","11740","강동구","2010-01-01 00:00:00.0"
"1148","FGN001","투수성포장","1","2237","0","30","","11500","강서구","2010-01-01 00:00:00.0"
"1147","FGN001","투수성포장","1","9185","0","122","","11740","강동구","2010-01-01 00:00:00.0"
"1146","FGN002","침투측구","1","0","2800","97","","11740","강동구","2010-01-01 00:00:00.0"
"1145","FGN003","침투트렌치","1","0","268","12","","11740","강동구","2010-01-01 00:00:00.0"
"1144","FGN001","투수성포장","1","38434","0","509","","11740","강동구","2010-01-01 00:00:00.0"
"1143","FGN001","투수성포장","1","4000","0","53","","11740","강동구","2010-01-01 00:00:00.0"
"1142","FGN001","투수성포장","1","1520","0","20","","11140","중구","2010-01-01 00:00:00.0"
"1141","FGN001","투수성포장","1","16188","0","215","","11500","강서구","2010-01-01 00:00:00.0"
"1140","FGN001","투수성포장","1","577","0","8","","11500","강서구","2010-01-01 00:00:00.0"
"1139","FGN001","투수성포장","1","1155","0","15","","11740","강동구","2010-01-01 00:00:00.0"
"1138","FGN001","투수성포장","1","6689","0","89","","11230","동대문구","2010-01-01 00:00:00.0"
"1137","FGN001","투수성포장","1","5400","0","72","","11410","서대문구","2010-01-01 00:00:00.0"
"1136","FGN001","투수성포장","1","840","0","11","","11380","은평구","2009-01-01 00:00:00.0"
"1135","FGN001","투수성포장","1","1306","0","17","","11380","은평구","2009-01-01 00:00:00.0"
"1134","FGN001","투수성포장","1","2512","0","33","","11380","은평구","2009-01-01 00:00:00.0"
"1133","FGN001","투수성포장","1","1463","0","19","","11260","중랑구","2009-01-01 00:00:00.0"
"1132","FGN001","투수성포장","1","2316","0","31","","11260","중랑구","2009-01-01 00:00:00.0"
"1131","FGN001","투수성포장","1","2048","0","27","","11260","중랑구","2009-01-01 00:00:00.0"
"1130","FGN001","투수성포장","1","1005","0","13","","11320","도봉구","2009-01-01 00:00:00.0"
"1129","FGN001","투수성포장","1","712","0","9","","11350","노원구","2009-01-01 00:00:00.0"
"1128","FGN001","투수성포장","1","2218","0","29","","11350","노원구","2009-01-01 00:00:00.0"
"1127","FGN001","투수성포장","1","4103","0","54","","11230","동대문구","2009-01-01 00:00:00.0"
"1126","FGN001","투수성포장","1","3295","0","44","","11110","종로구","2009-01-01 00:00:00.0"
"1125","FGN001","투수성포장","1","1419","0","19","","11440","마포구","2009-01-01 00:00:00.0"
"1124","FGN001","투수성포장","1","1309","0","17","","11440","마포구","2009-01-01 00:00:00.0"
"1123","FGN001","투수성포장","1","4181","0","55","","11440","마포구","2009-01-01 00:00:00.0"
"1122","FGN001","투수성포장","1","2526","0","34","","11230","동대문구","2009-01-01 00:00:00.0"
"1121","FGN001","투수성포장","1","1667","0","22","","11410","서대문구","2009-01-01 00:00:00.0"
"1120","FGN001","투수성포장","1","3619","0","48","","11290","성북구","2009-01-01 00:00:00.0"
"1119","FGN001","투수성포장","1","4625","0","61","","11290","성북구","2009-01-01 00:00:00.0"
"1118","FGN001","투수성포장","1","1800","0","24","","11290","성북구","2008-01-01 00:00:00.0"
"1117","FGN001","투수성포장","1","1565","0","21","","11305","강북구","2008-01-01 00:00:00.0"
"1116","FGN001","투수성포장","1","1453","0","19","","11305","강북구","2008-01-01 00:00:00.0"
"1115","FGN001","투수성포장","1","1666","0","22","","11290","성북구","2008-01-01 00:00:00.0"
"1114","FGN001","투수성포장","1","2375","0","32","","11290","성북구","2008-01-01 00:00:00.0"
"1113","FGN001","투수성포장","1","2469","0","33","","11380","은평구","2008-01-01 00:00:00.0"
"1112","FGN001","투수성포장","1","3293","0","44","","11380","은평구","2008-01-01 00:00:00.0"
"1111","FGN001","투수성포장","1","951","0","13","","11380","은평구","2008-01-01 00:00:00.0"
"1110","FGN004","원형침투통","1","0","0","0","","11380","은평구","2008-01-01 00:00:00.0"
"1109","FGN001","투수성포장","1","321","0","4","","11380","은평구","2008-01-01 00:00:00.0"
"1108","FGN001","투수성포장","1","2704","0","36","","11380","은평구","2008-01-01 00:00:00.0"
"1107","FGN001","투수성포장","1","973","0","13","","11380","은평구","2007-01-01 00:00:00.0"
"1106","FGN001","투수성포장","1","1182","0","16","","11380","은평구","2007-01-01 00:00:00.0"
"1105","FGN001","투수성포장","1","810","0","11","","11380","은평구","2007-01-01 00:00:00.0"
"1104","FGN001","투수성포장","1","1366","0","18","","11380","은평구","2007-01-01 00:00:00.0"
"1103","FGN001","투수성포장","1","3821","0","51","","11380","은평구","2007-01-01 00:00:00.0"
"1102","FGN001","투수성포장","1","2281","0","30","","11380","은평구","2006-01-01 00:00:00.0"
"1101","FGN001","투수성포장","1","2851","0","38","","11350","노원구","2006-01-01 00:00:00.0"
"1090","FGN001","투수성포장","1","1120","350","19","","11140","중구","2014-11-30 00:00:00.0"
"1089","FGN001","투수성포장","1","784","196","13","","11140","중구","2014-11-04 00:00:00.0"
"1088","FGN001","투수성포장","1","896","199","15","","11140","중구","2014-11-04 00:00:00.0"
"1087","FGN001","투수성포장","1","600","200","10","","11140","중구","2014-07-30 00:00:00.0"
"1086","FGN001","투수성포장","1","600","200","10","","11140","중구","2014-07-30 00:00:00.0"
"1085","FGN001","투수성포장","1","960","200","16","","11140","중구","2014-07-30 00:00:00.0"
"1083","FGN001","투수성포장","1","800","200","14","","11380","은평구","2014-12-31 00:00:00.0"
"1081","FGN001","투수성포장","1","411","154","7","","11380","은평구","2014-12-31 00:00:00.0"
"1080","FGN001","투수성포장","1","543","158","9","","11380","은평구","2014-12-31 00:00:00.0"
"1079","FGN001","투수성포장","1","564","169","10","","11380","은평구","2014-12-31 00:00:00.0"
"1078","FGN001","투수성포장","1","78","36","1","","11380","은평구","2014-12-31 00:00:00.0"
"1077","FGN001","투수성포장","1","587","143","10","","11380","은평구","2014-12-31 00:00:00.0"
"1076","FGN001","투수성포장","1","145","54","2","","11380","은평구","2014-12-31 00:00:00.0"
"1075","FGN001","투수성포장","1","183","65","3","","11380","은평구","2014-12-31 00:00:00.0"
"1074","FGN001","투수성포장","1","359","130","6","","11380","은평구","2014-12-31 00:00:00.0"
"1073","FGN001","투수성포장","1","170","82","3","","11380","은평구","2014-12-31 00:00:00.0"
"1072","FGN001","투수성포장","1","152","51","3","","11380","은평구","2014-12-31 00:00:00.0"
"1071","FGN001","투수성포장","1","32","17","1","","11380","은평구","2014-12-31 00:00:00.0"
"1070","FGN001","투수성포장","1","110","49","2","","11380","은평구","2014-12-31 00:00:00.0"
"1069","FGN001","투수성포장","1","62","27","1","","11380","은평구","2014-12-31 00:00:00.0"
"1068","FGN001","투수성포장","1","32","16","1","","11380","은평구","2014-12-31 00:00:00.0"
"1067","FGN001","투수성포장","1","72","32","1","","11380","은평구","2014-12-31 00:00:00.0"
"1066","FGN001","투수성포장","1","91","49","2","","11380","은평구","2014-12-31 00:00:00.0"
"1065","FGN001","투수성포장","1","101","","2","","11170","용산구","2014-09-16 00:00:00.0"
"1064","FGN001","투수성포장","1","261","","4","","11170","용산구","2014-05-23 00:00:00.0"
"1057","FGN001","투수성포장","1","1500","300","26","","11560","영등포구","2014-10-30 00:00:00.0"
"1056","FGN001","투수성포장","1","900","300","15","","11560","영등포구","2014-09-30 00:00:00.0"
"1055","FGN001","투수성포장","1","1124","353","19","","11560","영등포구","2014-06-13 00:00:00.0"
"1054","FGN001","투수성포장","1","400","50","7","","11710","송파구","2014-11-30 00:00:00.0"
"1053","FGN001","투수성포장","1","100","100","2","","11710","송파구","2014-11-30 00:00:00.0"
"1052","FGN001","투수성포장","1","3300","530","56","","11710","송파구","2014-11-30 00:00:00.0"
"1051","FGN001","투수성포장","1","270","67","5","","11290","성북구","2014-12-24 00:00:00.0"
"1050","FGN001","투수성포장","1","33","83","0","","11650","서초구","2014-10-30 00:00:00.0"
"1049","FGN001","투수성포장","1","20","51","0","","11650","서초구","2014-11-30 00:00:00.0"
"1048","FGN001","투수성포장","1","192","480","0","","11650","서초구","2014-11-30 00:00:00.0"
"1046","FGN001","투수성포장","1","1080","300","18","","11650","서초구","2014-11-30 00:00:00.0"
"1045","FGN001","투수성포장","1","800","200","14","","11650","서초구","2014-07-25 00:00:00.0"
"1044","FGN001","투수성포장","1","600","200","10","","11440","마포구","2014-08-11 00:00:00.0"
"1043","FGN001","투수성포장","1","100","40","2","","11440","마포구","2014-08-11 00:00:00.0"
"1042","FGN001","투수성포장","1","100","40","2","","11440","마포구","2014-08-11 00:00:00.0"
"1041","FGN001","투수성포장","1","113","45","2","","11440","마포구","2014-08-11 00:00:00.0"
"1040","FGN001","투수성포장","1","250","100","4","","11440","마포구","2014-08-11 00:00:00.0"
"1037","FGN001","투수성포장","1","160","80","3","","11230","동대문구","2014-12-31 00:00:00.0"
"1036","FGN001","투수성포장","1","944","472","16","","11320","도봉구","2014-08-19 00:00:00.0"
"1035","FGN001","투수성포장","1","672","320","11","","11320","도봉구","2014-08-20 00:00:00.0"
"1034","FGN001","투수성포장","1","1108","322","19","","11350","노원구","2014-11-15 00:00:00.0"
"1033","FGN001","투수성포장","1","2500","725","43","","11350","노원구","2014-09-30 00:00:00.0"
"1030","FGN001","투수성포장","1","610","510","10","","11530","구로구","2014-05-30 00:00:00.0"
"1029","FGN001","투수성포장","1","1890","420","32","","11530","구로구","2014-05-22 00:00:00.0"
"1027","FGN001","투수성포장","1","875","350","15","","11500","강서구","2014-11-01 00:00:00.0"
"1026","FGN001","투수성포장","1","3375","1350","57","","11500","강서구","2014-01-01 00:00:00.0"
"1025","FGN001","투수성포장","1","1550","620","26","","11500","강서구","2014-01-01 00:00:00.0"
"1024","FGN001","투수성포장","1","240","200","4","","11500","강서구","2014-07-01 00:00:00.0"
"1023","FGN001","투수성포장","1","300","120","5","","11500","강서구","2014-05-01 00:00:00.0"
"1020","FGN001","투수성포장","1","544","","9","","11305","강북구","2014-07-18 00:00:00.0"
"1018","FGN001","투수성포장","1","66","","1","","11305","강북구","2014-12-10 00:00:00.0"
"1017","FGN001","투수성포장","1","371","","6","","11305","강북구","2014-12-10 00:00:00.0"
"1016","FGN001","투수성포장","1","350","50","6","","11680","강남구","2014-06-26 00:00:00.0"
"1015","FGN001","투수성포장","1","636","120","11","","11680","강남구","2014-06-26 00:00:00.0"
"1014","FGN001","투수성포장","1","444","120","8","","11680","강남구","2014-06-26 00:00:00.0"
"1013","FGN001","투수성포장","1","204","60","3","","11680","강남구","2014-12-17 00:00:00.0"
"1012","FGN001","투수성포장","1","1165","466","20","","11680","강남구","2014-12-17 00:00:00.0"
"1011","FGN001","투수성포장","1","350","140","6","","11680","강남구","2014-12-17 00:00:00.0"
"1010","FGN001","투수성포장","1","400","100","7","","11680","강남구","2014-12-17 00:00:00.0"
"1009","FGN001","투수성포장","1","700","200","12","","11680","강남구","2014-12-17 00:00:00.0"
"1008","FGN001","투수성포장","1","200","80","3","","11680","강남구","2014-12-17 00:00:00.0"
"1007","FGN001","투수성포장","1","280","70","5","","11680","강남구","2015-01-28 00:00:00.0"
"1006","FGN001","투수성포장","1","920","230","16","","11680","강남구","2015-01-28 00:00:00.0"
"1005","FGN001","투수성포장","1","2145","330","36","","11680","강남구","2015-01-28 00:00:00.0"
"1004","FGN001","투수성포장","1","480","80","8","","11680","강남구","2014-12-19 00:00:00.0"
"1003","FGN001","투수성포장","1","245","35","4","","11680","강남구","2014-12-19 00:00:00.0"
"1002","FGN001","투수성포장","1","1045","190","18","","11680","강남구","2014-12-19 00:00:00.0"
"1001","FGN001","투수성포장","1","3900","530","66","","11680","강남구","2014-12-19 00:00:00.0"